countrycode,country,year,pl_con,rgdpe_pc,cgdpe_pc,pop,relp,reli,reli_c,log_x,log_y,fitted,resid,resid_pct
AUS,Australia,2023,1.07595205307007,62890.569413987854,62714.51829419423,26.451124,0.9808722233132016,0.8424309692425833,0.8419019963431197,-0.1714635557296381,-0.019313079364858987,-0.11595881106770356,0.09664573170284457,10.14700885596389
AUT,Austria,2023,0.937089800834656,62978.99583907832,62802.68292979443,9.130429,0.8542809633255607,0.8436154577865693,0.8430855497648406,-0.17005850694822647,-0.15749514243283166,-0.1145359767362906,-0.04295916569654107,-4.204949348993969
BEL,Belgium,2023,0.992524325847626,61771.63596559791,61569.422900046986,11.712893,0.9048168451454192,0.8274426459020822,0.8265298285491575,-0.18941548422109247,-0.10002273681880552,-0.13413798072404065,0.034115243905235126,3.4703843168997883
BGR,Bulgaria,2023,0.47368511557579,30684.214212801635,30610.55661854824,6.795803,0.4318264658164445,0.4110208026513469,0.4109269978832893,-0.8891114510433126,-0.8397314709398545,-0.8426909194665816,0.0029594485267271375,0.2963832017690349
CAN,Canada,2023,0.988880336284638,55111.91030940782,54964.845891528574,39.299105,0.901494867986512,0.7382343720430433,0.73786763804345,-0.3034939275045629,-0.10370092910426223,-0.24966046487209465,0.1459595357678324,15.714936394293666
CHE,Switzerland,2023,1.45367074012756,82203.39023653633,81977.53783554389,8.870561,1.325212630772692,1.1011298253023796,1.1004956210502737,0.09633676659499671,0.28157292261814265,0.15523141208179167,0.12634151053635098,13.466960374756987
CYP,Cyprus,2023,0.780706524848938,50630.62906271781,50500.3268432881,0.913951,0.7117169790221414,0.678206769506215,0.6779343466515986,-0.3883030677623918,-0.34007494796817145,-0.3355431459383144,-0.004531802029857035,-0.452154890925649
CZE,Czechia,2023,0.67473030090332,48067.73485075834,47913.08520501371,10.809716,0.6151056717587066,0.6438763209959648,0.6432022948152554,-0.4402486194643012,-0.48596120193777476,-0.38814624079414384,-0.09781496114363092,-9.31833154472953
DEU,Germany,2023,0.918093264102936,59853.64732231949,59698.42231234856,84.548231,0.8369631142949036,0.8017508284037033,0.8014128512879564,-0.22095740716499962,-0.1779752784064937,-0.16607917126283747,-0.011896107143656215,-1.1825628212875583
DNK,Denmark,2023,1.13806092739105,65313.9225044619,65132.11134547024,5.948136,1.0374926549289702,0.8748922382666637,0.8743566252165581,-0.13365455647554836,0.03680689351112122,-0.07767121359294696,0.11447810710406818,12.128809255172479
ESP,Spain,2023,0.782122552394867,46732.89415070207,46607.277334775375,47.911579,0.7130078749159547,0.6259958795369192,0.6256726655890992,-0.4684114901130957,-0.33826281386592416,-0.41666560592962926,0.0784027920637051,8.155821401011565
EST,Estonia,2023,0.762785255908966,42526.932746840976,42390.78502186226,1.367196,0.6953793784203426,0.5696562379170816,0.5690689732964391,-0.5627221914598364,-0.36329771411850315,-0.5121701218375821,0.148872407719079,16.052490574234348
FIN,Finland,2023,1.03113067150116,53615.417987443725,53457.03074438713,5.601185,0.9400116217036584,0.718188576798965,0.7176261912935944,-0.33102310263693935,-0.061863040279984904,-0.2775381129737301,0.2156750726937452,24.06991764571822
FRA,France,2023,0.900349915027618,51998.447585683454,51843.22363256356,68.655641,0.8207877111188328,0.6965289550864527,0.6959618707166034,-0.3616459143558085,-0.19749077651149174,-0.3085485578881243,0.11105778137663255,11.745947333577057
GBR,United Kingdom,2023,0.994784712791443,52507.47994822937,52376.33388612448,68.682962,0.906877486008368,0.7033475390260031,0.7031185323469851,-0.3519041437168017,-0.09774791405634019,-0.29868347284815594,0.20093555879181574,22.254598694439842
GRC,Greece,2023,0.685301244258881,36969.094250382805,36868.51856425929,10.242908,0.6247424810218157,0.4952079491658014,0.4949361045213793,-0.702777505305611,-0.47041574451866514,-0.6539982999570463,0.18358255543838115,20.151415284501418
HKG,"China, Hong Kong SAR",2023,0.864149928092957,61070.115497880215,60954.20547073159,7.442734,0.7877866479513858,0.8180456477023571,0.8182709309921995,-0.20083713989926597,-0.23852797711474547,-0.14570421531708855,-0.09282376179765692,-8.864589844775795
HRV,Croatia,2023,0.573763608932495,38423.833900621226,38303.10181048726,3.896023,0.5230612136888332,0.5146944595435147,0.5141944601903812,-0.6641818368198446,-0.6480567783841662,-0.6149140753437135,-0.03314270304045275,-3.259950125409128
HUN,Hungary,2023,0.555215358734131,39646.20199860362,39536.257971563,9.686463,0.5061520369660168,0.5310683094092384,0.5307487870360774,-0.6328646230587424,-0.6809181865139484,-0.5832004384273307,-0.0977177480866177,-9.309515674022006
ISL,Iceland,2023,1.3027845621109,68678.59637299449,68446.85182604926,0.387558,1.1876599763805784,0.9199626756098924,0.9188548802277452,-0.0834221797512827,0.17198496480521155,-0.02680297962320021,0.19878794442841177,21.9923246948019
ISR,Israel,2023,1.14407098293304,49405.14793469625,49256.38123879549,9.256314,1.0429716133313327,0.6617912200194254,0.6612351784804937,-0.4128051504012683,0.042073959283289976,-0.36035538365627123,0.40242934293956123,49.54532571607151
ITA,Italy,2023,0.837074637413025,50967.52318042319,50818.92937738436,59.499453,0.7631039490427323,0.6827195293803138,0.6822113803718823,-0.38167114887313686,-0.27036101969963544,-0.3288272781310076,0.05846625843137215,6.020921196918438
JPN,Japan,2023,0.790653467178345,43363.66836541013,43230.26904346077,124.370947,0.7207849290390351,0.5808644684152178,0.5803385053426953,-0.5432378222940252,-0.32741448156498426,-0.4924391133901834,0.16502463182519916,17.942216967431946
KOR,Republic of Korea,2023,0.720638930797577,52388.78864275321,52210.22390516607,51.748739,0.6569574436338147,0.7017576467346047,0.7008886128899724,-0.3541671671345975,-0.4201360363643651,-0.30097514232912326,-0.11916089403524183,-11.233503072695827
LTU,Lithuania,2023,0.618329703807831,45135.17499305385,45015.96048788076,2.854099,0.5636890878027656,0.604594131848884,0.6043102623265831,-0.5031979025242982,-0.5732524422463122,-0.45189235570526454,-0.12136008654104768,-11.428503187517103
LVA,Latvia,2023,0.610461294651032,37523.01006934779,37408.25854389831,1.882396,0.556515994948353,0.5026277554197051,0.5021817659523202,-0.687905431721123,-0.5860593666340242,-0.6389379709811016,0.05287860434707736,5.430164971332574
MYS,Malaysia,2023,0.342239916324616,32524.068576768324,32457.320153692257,35.126298,0.3119968279943311,0.4356659968282169,0.4357186083317325,-0.8308793915293868,-1.164762257909172,-0.7837217402028884,-0.38104051770628367,-31.684979062039776
NLD,Netherlands,2023,0.998109757900238,68498.18880991949,68320.20783833145,18.092524,0.9099087032258774,0.917546082476198,0.9171547662990324,-0.0860524741826058,-0.09441101062965318,-0.029466569149857645,-0.06494444147979553,-6.288047309472667
NOR,Norway,2023,1.06900906562805,89075.0531284884,88831.05118036833,5.519167,0.974542774422558,1.1931770381725484,1.192499621462186,0.1766195295682854,-0.025786867285602758,0.2365304195542013,-0.26231728683980404,-23.073309328372847
NZL,New Zealand,2023,0.982093334197998,47667.03409889662,47543.8545702976,5.172836,0.8953076203230509,0.6385088592936381,0.6382456114677041,-0.44861972843957193,-0.11058790990382616,-0.39662331390334066,0.2860354039995145,33.113958208316554
PAN,Panama,2023,0.541409373283386,36592.23760467879,36403.50796039885,4.458759,0.4935660601044437,0.490159883736212,0.4886936368064185,-0.7130236477603512,-0.7060985686730943,-0.6643741413100457,-0.0417244273630486,-4.086594474182648
POL,Poland,2023,0.516174077987671,40578.98202722174,40488.97960118716,38.762844,0.4705607596990537,0.543563072788247,0.543538461002434,-0.6096095298656677,-0.7538301897203988,-0.5596509749403256,-0.19417921478007327,-17.648969417528594
PRT,Portugal,2023,0.728435039520264,39920.31172674455,39819.9053604836,10.430738,0.6640646251055112,0.5347400606130879,0.534556570456649,-0.6259745181711599,-0.4093758072755337,-0.5762231164220127,0.16684730914647905,18.157383601624133
ROU,Romania,2023,0.494503229856491,36418.05462139535,36318.94893416992,19.118479,0.4508049230640833,0.4878266700159305,0.4875584863671372,-0.7177951206154919,-0.7967205761483663,-0.6692060129713828,-0.1275145631769835,-11.971940394124259
SVK,Slovakia,2023,0.691889047622681,35553.73564598396,35462.382125585915,5.518055,0.6307481327734555,0.4762489552810305,0.4760596289133459,-0.7418145461792638,-0.4608486517928102,-0.6935294839889634,0.2326808321961532,26.197863209424078
SVN,Slovenia,2023,0.715030074119568,48143.38670036197,48005.90797825335,2.118396,0.6518442309174061,0.6448896917060797,0.6444483807331917,-0.43867599742278596,-0.4279496552348177,-0.3865537120075229,-0.041395943227294785,-4.055083266878789
SWE,Sweden,2023,0.909481883049011,62536.04347403316,62340.15296791146,10.551494,0.8291127045521466,0.8376820278034993,0.8368763830699603,-0.1771166922682287,-0.18739918067239955,-0.12168350678907958,-0.06571567388331997,-6.360293141240936
TUR,Türkiye,2023,0.344816654920578,34474.363794473924,34386.61650401205,87.270501,0.3143458651175993,0.4617905669485103,0.4616181686417108,-0.772643808973466,-1.15726141799304,-0.7247489933014248,-0.4325124246916152,-35.112320900965564
TWN,Taiwan,2023,0.485919386148453,65004.35192552516,64851.75499959495,23.342541,0.4429796172445052,0.8707454823175172,0.8705930219281991,-0.13840555801532853,-0.814231520730279,-0.08248235480656624,-0.7317491659237128,-51.89332119033481
USA,United States,2023,1.09693396091461,74653.67693038611,74491.4711766935,343.477335,1.0,1.0,1.0,0.0,0.0,0.05767518435355224,-0.05767518435355224,-5.604349051012402
