countrycode,country,year,pl_con,rgdpe_pc,cgdpe_pc,pop,relp,reli,reli_c
AUS,Australia,2023,1.07595205307007,62890.569413987854,62714.51829419423,26.451124,0.9808722233132016,0.8424309692425833,0.8419019963431197
AUT,Austria,2023,0.937089800834656,62978.99583907832,62802.68292979443,9.130429,0.8542809633255607,0.8436154577865693,0.8430855497648406
BEL,Belgium,2023,0.992524325847626,61771.63596559791,61569.422900046986,11.712893,0.9048168451454192,0.8274426459020822,0.8265298285491575
BGR,Bulgaria,2023,0.47368511557579,30684.214212801635,30610.55661854824,6.795803,0.4318264658164445,0.4110208026513469,0.4109269978832893
CAN,Canada,2023,0.988880336284638,55111.91030940782,54964.845891528574,39.299105,0.901494867986512,0.7382343720430433,0.73786763804345
CHE,Switzerland,2023,1.45367074012756,82203.39023653633,81977.53783554389,8.870561,1.325212630772692,1.1011298253023796,1.1004956210502737
CYP,Cyprus,2023,0.780706524848938,50630.62906271781,50500.3268432881,0.913951,0.7117169790221414,0.678206769506215,0.6779343466515986
CZE,Czechia,2023,0.67473030090332,48067.73485075834,47913.08520501371,10.809716,0.6151056717587066,0.6438763209959648,0.6432022948152554
DEU,Germany,2023,0.918093264102936,59853.64732231949,59698.42231234856,84.548231,0.8369631142949036,0.8017508284037033,0.8014128512879564
DNK,Denmark,2023,1.13806092739105,65313.9225044619,65132.11134547024,5.948136,1.0374926549289702,0.8748922382666637,0.8743566252165581
ESP,Spain,2023,0.782122552394867,46732.89415070207,46607.277334775375,47.911579,0.7130078749159547,0.6259958795369192,0.6256726655890992
EST,Estonia,2023,0.762785255908966,42526.932746840976,42390.78502186226,1.367196,0.6953793784203426,0.5696562379170816,0.5690689732964391
FIN,Finland,2023,1.03113067150116,53615.417987443725,53457.03074438713,5.601185,0.9400116217036584,0.718188576798965,0.7176261912935944
FRA,France,2023,0.900349915027618,51998.447585683454,51843.22363256356,68.655641,0.8207877111188328,0.6965289550864527,0.6959618707166034
GBR,United Kingdom,2023,0.994784712791443,52507.47994822937,52376.33388612448,68.682962,0.906877486008368,0.7033475390260031,0.7031185323469851
GRC,Greece,2023,0.685301244258881,36969.094250382805,36868.51856425929,10.242908,0.6247424810218157,0.4952079491658014,0.4949361045213793
HKG,"China, Hong Kong SAR",2023,0.864149928092957,61070.115497880215,60954.20547073159,7.442734,0.7877866479513858,0.8180456477023571,0.8182709309921995
HRV,Croatia,2023,0.573763608932495,38423.833900621226,38303.10181048726,3.896023,0.5230612136888332,0.5146944595435147,0.5141944601903812
HUN,Hungary,2023,0.555215358734131,39646.20199860362,39536.257971563,9.686463,0.5061520369660168,0.5310683094092384,0.5307487870360774
ISL,Iceland,2023,1.3027845621109,68678.59637299449,68446.85182604926,0.387558,1.1876599763805784,0.9199626756098924,0.9188548802277452
ISR,Israel,2023,1.14407098293304,49405.14793469625,49256.38123879549,9.256314,1.0429716133313327,0.6617912200194254,0.6612351784804937
ITA,Italy,2023,0.837074637413025,50967.52318042319,50818.92937738436,59.499453,0.7631039490427323,0.6827195293803138,0.6822113803718823
JPN,Japan,2023,0.790653467178345,43363.66836541013,43230.26904346077,124.370947,0.7207849290390351,0.5808644684152178,0.5803385053426953
KOR,Republic of Korea,2023,0.720638930797577,52388.78864275321,52210.22390516607,51.748739,0.6569574436338147,0.7017576467346047,0.7008886128899724
LTU,Lithuania,2023,0.618329703807831,45135.17499305385,45015.96048788076,2.854099,0.5636890878027656,0.604594131848884,0.6043102623265831
LVA,Latvia,2023,0.610461294651032,37523.01006934779,37408.25854389831,1.882396,0.556515994948353,0.5026277554197051,0.5021817659523202
MYS,Malaysia,2023,0.342239916324616,32524.068576768324,32457.320153692257,35.126298,0.3119968279943311,0.4356659968282169,0.4357186083317325
NLD,Netherlands,2023,0.998109757900238,68498.18880991949,68320.20783833145,18.092524,0.9099087032258774,0.917546082476198,0.9171547662990324
NOR,Norway,2023,1.06900906562805,89075.0531284884,88831.05118036833,5.519167,0.974542774422558,1.1931770381725484,1.192499621462186
NZL,New Zealand,2023,0.982093334197998,47667.03409889662,47543.8545702976,5.172836,0.8953076203230509,0.6385088592936381,0.6382456114677041
PAN,Panama,2023,0.541409373283386,36592.23760467879,36403.50796039885,4.458759,0.4935660601044437,0.490159883736212,0.4886936368064185
POL,Poland,2023,0.516174077987671,40578.98202722174,40488.97960118716,38.762844,0.4705607596990537,0.543563072788247,0.543538461002434
PRT,Portugal,2023,0.728435039520264,39920.31172674455,39819.9053604836,10.430738,0.6640646251055112,0.5347400606130879,0.534556570456649
ROU,Romania,2023,0.494503229856491,36418.05462139535,36318.94893416992,19.118479,0.4508049230640833,0.4878266700159305,0.4875584863671372
SVK,Slovakia,2023,0.691889047622681,35553.73564598396,35462.382125585915,5.518055,0.6307481327734555,0.4762489552810305,0.4760596289133459
SVN,Slovenia,2023,0.715030074119568,48143.38670036197,48005.90797825335,2.118396,0.6518442309174061,0.6448896917060797,0.6444483807331917
SWE,Sweden,2023,0.909481883049011,62536.04347403316,62340.15296791146,10.551494,0.8291127045521466,0.8376820278034993,0.8368763830699603
TUR,Türkiye,2023,0.344816654920578,34474.363794473924,34386.61650401205,87.270501,0.3143458651175993,0.4617905669485103,0.4616181686417108
TWN,Taiwan,2023,0.485919386148453,65004.35192552516,64851.75499959495,23.342541,0.4429796172445052,0.8707454823175172,0.8705930219281991
USA,United States,2023,1.09693396091461,74653.67693038611,74491.4711766935,343.477335,1.0,1.0,1.0
