year,industry_productivity_index_annual,rgdpe_pc,relp,reli,industry_productivity_index_100,gdp_per_capita_index_100,resid_pct,d_productivity,d_resid_pct,log_productivity,dlog_productivity
2005,52.26416666666666,43174.297802532215,0.4949356372577075,0.7262302004006387,359.1421863368264,316.14912967487487,-54.01450046744837,,,5.883718372295913,
2006,54.195,44482.57560040757,0.4807528970502081,0.7353503178499226,372.41023879058577,325.72915548242827,-54.22804678398523,13.268052453759367,-0.2135463165368563,5.919996039092051,0.03627766679613753
2007,57.685,46554.71177326756,0.4701040067309652,0.7628532453185499,396.39237244459713,340.9026286125249,-57.70303890040205,23.982133654011363,-3.4749921164168214,5.982404560203591,0.06240852111154016
2008,57.355,44453.21392195114,0.48538772652197,0.7443153117864076,394.12472083834393,325.51415096441036,-54.63875978737276,-2.267651606253196,3.0642791130292863,5.976667409557569,-0.00573715064602176
2009,58.00416666666666,44482.22032444014,0.4590884184673152,0.7685404688392514,398.58558094256426,325.7265539302638,-55.570521237435045,4.46086010422033,-0.9317614500622824,5.987922232870914,0.011254823313344708
2010,67.425,48202.40078323498,0.4744641503650872,0.8193430704038077,463.3224531867376,352.9680349535518,-56.64588913659978,64.73687224417336,-1.075367899164732,6.138423254850132,0.15050102197921778
2011,68.17583333333333,48822.79501540042,0.5026271927293108,0.8259042643142596,468.4819332302582,357.510948365867,-54.8942505767185,5.1594800435206025,1.751638559881279,6.149497537925851,0.011074283075719116
2012,68.14916666666666,50146.351366095776,0.4786074093793002,0.8338996614943406,468.2986886560155,367.2028532640504,-53.99590446824361,-0.18324457424273533,0.8983461084748896,6.149106315963529,-0.000391221962321886
2013,70.29083333333334,50339.76171006058,0.4891862714859487,0.823057445261957,483.0155185248812,368.61912440282515,-55.126178358506905,14.716829868865716,-1.1302738902632967,6.180048782587533,0.030942466624003906
2014,73.25666666666667,51820.806896022776,0.4872242004362565,0.83122324598753,503.3957510164348,379.46426075438035,-56.238684062049416,20.380232491553613,-1.11250570354251,6.221376642094348,0.041327859506814946
2015,72.83833333333334,53523.6000524061,0.4697505647662157,0.8351909530158237,500.52110175800266,391.93317401543976,-51.102564524288006,-2.8746492584321572,5.1361195377614095,6.215649759221161,-0.005726882873187122
2016,77.2375,53260.410117475614,0.4737326996480221,0.8214500437452279,530.7507301151005,390.0059332008229,-48.767825815025645,30.22962835709785,2.3347387092623606,6.274292476211436,0.05864271699027501
2017,79.54333333333334,53407.43457096812,0.5035903947258475,0.8104267086428792,546.5956593941477,391.0825379258187,-45.51579816844497,15.844929279047165,3.2520276465806788,6.303709332361353,0.029416856149917514
2018,80.87083333333334,53293.35714721918,0.5069336937897071,0.7910928673555349,555.7178033556663,390.24719189659703,-45.30579037670594,9.122143961518645,0.21000779173902373,6.320260617483074,0.01655128512172066
2019,81.37583333333333,55130.870124873145,0.4834532911721176,0.8026882816687358,559.1879974803871,403.7026076930183,-43.215744433145055,3.4701941247208197,2.090045943560888,6.326485726956038,0.006225109472964618
2020,88.7675,58774.5729518888,0.4944229720852003,0.8797610008253535,609.9811029032811,430.3840718090905,-46.90374010009762,50.79310542289397,-3.687995666952567,6.413427977840422,0.08694225088438401
2021,100.08166666666666,62205.44543644559,0.5164443315685903,0.8755467004595818,687.7283399186852,455.50705944815036,-46.64122406352498,77.74723701540404,0.26251603657264155,6.533393905188319,0.1199659273478968
2022,98.74000000000001,63860.90132078603,0.4683517180599677,0.8773000364301512,678.5088472771002,467.6293396863407,-45.76766091121155,-9.219492641584907,0.8735631523134302,6.519897518655055,-0.013496386533264015
2023,87.6725,65004.35192552516,0.4429796172445052,0.8707454823175172,602.456622573441,476.0023980083983,-50.62375324384472,-76.05222470365925,-4.8560923326331675,6.401015667044264,-0.11888185161079079
