year,slope,n,JPN_resid_pct,KOR_resid_pct,TWN_resid_pct
2005,0.7820543140142124,40,13.393895482792217,-13.32789725924276,-53.2356216505183
2006,0.7860005898940081,40,6.540567886337745,-6.6293122288167305,-53.76356831549454
2007,0.747548162564346,40,-2.2793279873828065,-10.660787335922395,-57.20827306057708
2008,0.7361177396164095,40,7.211297051461396,-24.729820789979218,-55.05565008830704
2009,0.7907258450201349,40,26.86735989363287,-29.18251225320141,-55.27643063275419
2010,0.8360494798991843,40,29.86456383079277,-23.155262297568623,-56.05101357163556
2011,0.8851795958463304,40,39.588155238442766,-17.903875843665105,-54.3586570208084
2012,0.9238534499719409,40,44.97983889661135,-12.768867887388868,-54.272676818431854
2013,0.8983449284600001,40,10.787138988909017,-3.8273631446244516,-55.03526411303476
2014,0.9199722074426505,40,8.305311081609279,-0.9244816252719334,-56.0402891753385
2015,1.0190710388315376,40,10.346227612497394,1.6202165089928222,-51.94817707895842
2016,1.0752863817793221,40,33.354086824769084,-1.1243307245527578,-50.10801653011531
2017,1.0931109427568206,40,31.988138415926382,2.7611244360383314,-46.24293919231056
2018,1.0678014895146521,40,32.03344114339155,-1.4888581110332977,-45.91596356260472
2019,1.0757792576771936,40,50.66333403258396,2.103587981373334,-44.077635578460786
2020,1.018566897218929,40,49.798616118441515,-5.861622896099805,-47.78382485497546
2021,1.022438449613458,40,46.48813228261901,-5.091564612702781,-46.92919990295989
2022,0.981364056471983,40,33.279785950591,-6.381831391601778,-46.696972297849314
2023,1.0126583149543453,40,17.942216967431946,-11.233503072695827,-51.89332119033481
